checkout	actions/checkout
checkout	checkout
setup	actions/setup-
setup	actions/cache
build	docker/build-push-action
build	docker/setup-
deploy	actions/deploy-pages
deploy	peaceiris/actions-gh-pages
deploy	aws-actions/amazon-ecs-deploy
deploy	azure/webapps-deploy
deploy	azure/k8s-deploy
deploy	azure/aks-set-context
deploy	google-github-actions/deploy-
deploy	google-github-actions/firebase
deploy	superfly/flyctl-actions
deploy	appleboy/ssh-action
deploy	cloudflare/wrangler-action
deploy	amondnet/vercel-action
deploy	nwtgck/actions-netlify
deploy	AzureWebApp
deploy	Kubernetes
deploy	AzureRmWebAppDeployment
deploy	AzureFunctionApp
deploy	HelmDeploy
publish	softprops/action-gh-release
publish	pypa/gh-action-pypi-publish
publish	docker/login-action
publish	goreleaser/goreleaser-action
publish	PublishBuildArtifacts
publish	heroku
publish	npm
publish	pypi
test	codecov/codecov-action
test	VSTest
test	PublishTestResults
build	DotNetCoreCLI
build	Docker
deploy	kubernetesDeploy
deploy	helmDeploy
deploy	deployToK8s
publish	dockerPush
build	dockerBuild
test	junit
