github-actions	jobs_map	dir	.github/workflows
gitlab-ci	top_level_jobs	name	.gitlab-ci.yml
circleci	jobs_map	path	.circleci/config.yml
azure-pipelines	staged_jobs	name	azure-pipelines.yml
azure-pipelines	staged_jobs	name	azure-pipelines.yaml
azure-pipelines	staged_jobs	dir	.azure-pipelines
bitbucket-pipelines	sectioned_steps	name	bitbucket-pipelines.yml
travis	single_job	name	.travis.yml
drone	job_list	name	.drone.yml
buildkite	job_list	path	.buildkite/pipeline.yml
buildkite	job_list	name	buildkite.yml
jenkins	jenkins	prefix	jenkinsfile
