name	rakefile	ruby	source
name	vagrantfile	ruby	source
name	brewfile	ruby	source
name	podfile	ruby	source
name	fastfile	ruby	source
name	appfile	ruby	source
name	capfile	ruby	source
name	guardfile	ruby	source
name	berksfile	ruby	source
name	dangerfile	ruby	source
name	thorfile	ruby	source
name	snapfile	ruby	source
name	gymfile	ruby	source
name	matchfile	ruby	source
name	scanfile	ruby	source
name	jenkinsfile	groovy	source
name	artisan	php	source
name	console	php	source
name	procfile	-	source
name	pkgbuild	shell	source
name	apkbuild	shell	source
name	.bashrc	shell	source
name	.bash_profile	shell	source
name	.bash_login	shell	source
name	.bash_logout	shell	source
name	.profile	shell	source
name	.zshrc	shell	source
name	.zshenv	shell	source
name	.zprofile	shell	source
name	.zlogin	shell	source
name	.kshrc	shell	source
name	.envrc	shell	source
name	snakefile	python	source
name	sconstruct	python	source
name	sconscript	python	source
name	wscript	python	source
name	tiltfile	starlark	source
name	buck	starlark	source
extension	rake	ruby	source
extension	podspec	ruby	source
extension	jbuilder	ruby	source
extension	ru	ruby	source
extension	thor	ruby	source
extension	gemspec	ruby	manifest
extension	bats	shell	source
shebang	sh	shell	script
shebang	bash	shell	script
shebang	zsh	shell	script
shebang	ksh	shell	script
shebang	dash	shell	script
shebang	ash	shell	script
shebang	fish	fish	script
shebang	python	python	script
shebang	python2	python	script
shebang	python3	python	script
shebang	node	javascript	script
shebang	nodejs	javascript	script
shebang	bun	javascript	script
shebang	deno	javascript	script
shebang	ruby	ruby	script
shebang	perl	perl	script
shebang	php	php	script
shebang	lua	lua	script
shebang	Rscript	r	script
shebang	pwsh	powershell	script
shebang	powershell	powershell	script
shebang	tclsh	tcl	script
shebang	wish	tcl	script
shebang	julia	julia	script
shebang	groovy	groovy	script
shebang	escript	erlang	script
