mongoose	factory	model,discriminator
mongoose	static	aggregate,bulkwrite,countdocuments,create,deletemany,deleteone,distinct,estimateddocumentcount,exists,find,findbyid,findbyidanddelete,findbyidandremove,findbyidandupdate,findone,findoneanddelete,findoneandremove,findoneandreplace,findoneandupdate,insertmany,replaceone,updatemany,updateone,watch
mongoose	instance	deleteone,remove,save,updateone
dynamoose	factory	model
dynamoose	static	batchget,batchput,create,delete,get,query,scan,update
dynamoose	instance	delete,save
sequelize	factory	define
sequelize	static	bulkcreate,count,create,decrement,destroy,findall,findandcountall,findbypk,findone,findorcreate,findorbuild,increment,max,min,restore,sum,truncate,update,upsert
sequelize	instance	decrement,destroy,increment,reload,restore,save,update
sequelize-typescript	factory	define
sequelize-typescript	static	bulkcreate,count,create,destroy,findall,findandcountall,findbypk,findone,findorcreate,update,upsert
sequelize-typescript	instance	destroy,reload,save,update
typeorm	factory	getcustomrepository,getmongorepository,getrepository,gettreerepository
typeorm	static	count,countby,create,delete,exist,find,findandcount,findby,findone,findoneby,findonebyorfail,findoneorfail,increment,insert,query,remove,save,softdelete,softremove,update,upsert
typeorm	instance	hasid,reload,remove,save,softremove
@typegoose/typegoose	factory	getmodelforclass,getdiscriminatormodelforclass
@typegoose/typegoose	static	aggregate,create,deletemany,deleteone,find,findbyid,findbyidanddelete,findbyidandupdate,findone,findoneanddelete,findoneandupdate,insertmany,updatemany,updateone
@mikro-orm	factory	getrepository
@mikro-orm	static	count,create,find,findandcount,findone,findoneorfail,nativedelete,nativeinsert,nativeupdate,persist,persistandflush,remove
bookshelf	factory	model,extend
bookshelf	static	collection,fetch,fetchall,fetchpage,forge
bookshelf	instance	destroy,fetch,save
