ipc	exact	handle,handleOnce,on,once	ipcMain,ipc	any	-
http	lower	apiresource,handle,handlefunc,handler,handlerfunc,mount,nest,path,re_path,resource,route,service,all,delete,get,head,options,patch,post,put	*	route-or-slash	stop
cli	lower	run,rune,runfunc,action,execute,handler	~command,~cmd	any	-
rpc	lower	mutation,query,subscription	^procedure	any	-
http	mapped	-	*	route	stop
http	exact	use	*	path	-
test	exact	bench,describe,it,suite,test	*	any	-
schedule	exact	cron,schedule,setInterval,setTimeout	*	any	-
event	exact	addEventListener,on,once,prependListener	*	any	-
message	exact	consume,process,subscribe,worker	*	any	-
ipc	exact	handle,handleOnce,invoke	*	any	-
cli	exact	action,command,handler	*	any	-
